,City,Cloudiness,Country,Date,Humidity,Lat,Lng,Max Temp,Wind Speed
0,Goderich,29,CA,1561596474,74,43.74,-81.71,73.99,1.01
1,Tamandare,54,BR,1561596487,69,-8.28,-70.75,76.4,1.23
2,Gunnedah,0,AU,1561596487,63,-30.98,150.25,61.0,6.93
3,Vostok,100,RU,1561596430,99,46.45,135.83,58.4,3.11
4,Semey,0,KZ,1561596488,49,50.41,80.25,67.4,11.7
5,Kavaratti,75,IN,1561596468,77,10.57,72.64,82.88,15.82
6,Vaini,75,IN,1561596345,100,15.34,74.49,69.8,3.36
7,Sao Filipe,0,CV,1561596309,85,14.9,-24.5,74.6,23.91
8,Ushuaia,75,AR,1561596473,79,-54.81,-68.31,28.4,20.8
9,Hithadhoo,64,MV,1561596203,74,-0.6,73.08,83.42,8.84
10,Jamestown,0,AU,1561596352,54,-33.21,138.6,58.4,16.71
11,Kapaa,75,US,1561596024,74,22.08,-159.32,82.4,11.41
12,The Valley,40,AI,1561596314,74,18.22,-63.06,82.4,6.93
13,Campbellton,100,CA,1561596490,96,48.0,-66.68,54.8,2.77
14,Mahibadhoo,100,MV,1561596244,75,3.78,72.97,83.42,7.58
15,Abu Dhabi,0,AE,1561596194,67,24.47,54.37,93.2,3.36
16,Tuktoyaktuk,90,CA,1561596436,80,69.44,-133.03,39.2,16.11
17,Juneau,75,US,1561596328,41,58.3,-134.42,80.6,9.17
18,Rio Gallegos,20,AR,1561596101,92,-51.62,-69.22,26.6,9.17
19,Mahebourg,75,MU,1561596351,94,-20.41,57.7,73.4,10.29
20,Lagoa,0,PT,1561596313,77,37.14,-8.45,64.4,9.17
21,Ayan,0,IR,1561596316,62,38.23,44.7,55.7,2.51
22,Kavieng,89,PG,1561596364,72,-2.57,150.8,84.14,8.25
23,Qaanaaq,7,GL,1561596369,67,77.48,-69.36,36.98,3.87
24,Nouadhibou,2,MR,1561596462,83,20.93,-17.03,69.8,14.99
25,Cidreira,0,BR,1561596401,59,-30.17,-50.22,46.88,2.55
26,Tiksi,17,RU,1561596315,38,71.64,128.87,68.48,10.8
27,Port Elizabeth,1,US,1561596161,69,39.31,-74.98,84.99,6.78
28,Nantucket,1,US,1561596403,93,41.28,-70.1,69.01,4.7
29,Fortuna,40,US,1561596166,59,40.6,-124.16,64.4,9.17
30,Palembang,20,ID,1561596493,100,-2.99,104.76,75.2,3.36
31,Sao Gabriel da Cachoeira,3,BR,1561596493,96,-0.13,-67.09,74.24,1.88
32,LOS ALGARROBOS,90,EC,1561596494,83,-3.25,-79.94,89.6,5.82
33,Auki,53,NG,1561596323,69,12.18,6.51,77.84,12.64
34,Vila Velha,20,BR,1561596252,78,-3.71,-38.6,80.6,8.05
35,Yar-Sale,80,RU,1561596494,74,66.83,70.83,46.34,4.25
36,Golden,1,US,1561596495,13,39.76,-105.22,89.01,8.05
37,Richards Bay,16,ZA,1561596386,70,-28.77,32.06,68.66,20.15
38,Bluff,14,AU,1561596312,65,-23.58,149.07,68.3,24.58
39,Sao Joao da Barra,7,BR,1561596424,85,-21.64,-41.05,70.1,0.76
40,Puerto Ayora,20,EC,1561596332,69,-0.74,-90.35,77.0,18.34
41,Chandur,52,IN,1561596496,64,20.82,77.97,85.04,8.99
42,Hualmay,7,PE,1561596207,84,-11.1,-77.61,62.9,13.13
43,Butaritari,56,KI,1561596332,73,3.07,172.79,83.6,11.32
44,Naze,100,NG,1561596496,98,5.43,7.07,72.26,3.49
45,Xinxiang,99,CN,1561596496,52,35.3,113.88,77.12,1.48
46,Laguna,40,BZ,1561596497,79,16.17,-88.94,84.2,4.7
47,Karasjok,99,NO,1561596351,62,69.47,25.52,51.8,29.97
48,Avarua,49,CK,1561596338,73,-21.21,-159.78,75.2,3.36
49,Bereda,7,ES,1561596497,93,43.27,-7.54,63.0,2.64
50,Harper,1,US,1561596433,58,30.3,-99.24,82.99,14.99
51,Lock Haven,1,US,1561596498,65,41.14,-77.45,81.0,3.36
52,Albany,1,US,1561596498,73,42.65,-73.75,77.0,3.36
53,Castro,75,CL,1561596338,87,-42.48,-73.76,46.4,6.93
54,Deputatskiy,0,RU,1561596499,28,69.3,139.9,72.62,7.76
55,Port-Gentil,86,GA,1561596479,74,-0.72,8.78,76.22,11.79
56,Pechora,90,RU,1561596499,79,65.12,57.16,48.32,4.63
57,Miguel Auza,0,MX,1561596378,21,24.29,-103.45,82.52,16.33
58,Sao Felix do Xingu,86,BR,1561596500,66,-6.64,-51.99,75.32,3.58
59,Wanning,0,AT,1561596346,73,48.64,13.53,75.0,8.05
60,Iquique,90,CL,1561596500,77,-20.22,-70.14,60.8,11.41
61,Pisco,13,PE,1561596356,88,-13.71,-76.2,63.0,4.7
62,Barra Mansa,0,BR,1561596473,78,-22.54,-44.17,77.0,11.41
63,Victoria,75,BN,1561596371,88,5.28,115.24,82.4,2.24
64,Umm Lajj,0,SA,1561596501,62,25.02,37.27,86.48,12.46
65,San Quintin,99,PH,1561596502,85,17.54,120.52,78.38,2.44
66,Ulaangom,36,MN,1561596502,40,49.98,92.07,62.18,1.48
67,ChengDe,100,CN,1561596502,47,40.97,117.93,74.96,5.32
68,Menomonie,1,US,1561596503,23,44.88,-91.92,82.99,3.36
69,Yulara,33,AU,1561596409,37,-25.24,130.99,51.8,6.93
70,Canavieiras,0,BR,1561596337,88,-15.68,-38.95,72.08,3.38
71,Mataura,8,NZ,1561596479,77,-46.19,168.86,54.0,3.0
72,Edd,91,ER,1561596504,50,13.93,41.69,87.38,2.33
73,Shelby,1,US,1561596504,35,48.51,-111.86,75.0,10.29
74,Norman Wells,20,CA,1561596423,38,65.28,-126.83,60.8,10.29
75,Itapetinga,17,BR,1561596504,96,-15.25,-40.25,64.7,2.19
76,Kodiak,1,US,1561596339,58,39.95,-94.76,84.2,8.05
77,Codrington,40,AU,1561596374,93,-28.95,153.24,66.2,5.82
78,Punta Arenas,0,CL,1561596312,74,-53.16,-70.91,28.4,8.05
79,Rikitea,53,PF,1561596317,80,-23.12,-134.97,74.42,10.4
80,Georgetown,40,GY,1561596428,78,6.8,-58.16,80.6,11.41
81,Dryden,1,CA,1561596506,33,49.79,-92.84,77.0,18.34
82,Cape Town,90,ZA,1561596211,93,-33.93,18.42,53.01,6.93
83,Madimba,75,CM,1561596506,100,4.42,9.93,75.2,1.59
84,Saint George,40,GR,1561596361,57,39.45,22.34,79.0,2.26
85,Mechetinskaya,4,RU,1561596506,60,46.77,40.45,64.7,9.6
86,Dingle,100,PH,1561596405,83,11.0,122.67,79.82,8.48
87,Shache,34,CN,1561596507,41,38.42,77.24,69.02,2.51
88,Chota,66,EC,1561596507,99,0.47,-78.07,57.32,1.68
89,Thompson,75,CA,1561596383,72,55.74,-97.86,60.8,6.93
90,Busselton,26,AU,1561596170,47,-33.64,115.35,57.0,31.5
91,Clyde River,1,CA,1561596323,93,70.47,-68.59,37.4,12.75
92,Hermanus,0,ZA,1561596345,94,-34.42,19.24,53.01,7.27
93,Bonthe,99,SL,1561596508,90,7.53,-12.5,77.3,6.76
94,Mount Gambier,14,AU,1561596326,71,-37.83,140.78,55.4,12.75
95,Andahuaylas,53,PE,1561596473,86,-13.66,-73.39,45.62,2.77
96,Viraganur,100,IN,1561596509,81,11.48,78.74,76.04,5.08
97,Carnarvon,0,ZA,1561596315,45,-30.97,22.13,40.04,4.97
98,Conceicao do Araguaia,26,BR,1561596272,57,-8.26,-49.26,74.6,1.95
99,Atuona,0,PF,1561596343,75,-9.8,-139.03,80.54,16.15
100,Uribia,1,CO,1561596510,60,11.71,-72.27,83.06,10.42
101,Russell,1,US,1561596510,41,38.9,-98.86,91.4,18.34
102,Caravelas,44,BR,1561596313,83,-17.73,-39.27,73.88,5.79
103,Sosnovo-Ozerskoye,64,RU,1561596510,86,52.53,111.54,57.32,8.03
104,Erseke,10,AL,1561596511,87,40.34,20.68,57.86,6.17
105,Saint-Philippe,75,CA,1561596356,69,45.36,-73.48,75.2,5.82
106,Lompoc,1,US,1561596188,68,34.64,-120.46,72.0,17.22
107,Hobart,0,AU,1561596054,76,-42.88,147.33,54.0,14.99
108,Tura,100,RU,1561596511,62,64.27,100.22,68.84,2.26
109,Pacific Grove,90,US,1561596512,72,36.62,-121.92,75.0,5.82
110,Kaitangata,0,NZ,1561596372,57,-46.28,169.85,54.0,4.0
111,New Norfolk,0,AU,1561596335,76,-42.78,147.06,54.0,14.99
112,Libenge,48,CD,1561596512,94,3.65,18.64,69.74,0.67
113,Hibbing,1,US,1561596438,39,47.43,-92.94,78.8,6.93
114,Upernavik,0,GL,1561596332,87,72.79,-56.15,34.46,11.25
115,Esperance,40,AU,1561596359,87,-33.86,121.89,55.4,14.99
116,Mogadishu,15,SO,1561596513,86,2.04,45.34,74.06,11.34
117,Cherskiy,52,RU,1561596367,34,68.75,161.3,65.96,11.5
118,Vardo,5,US,1561596514,58,39.62,-77.74,84.2,7.67
119,Kruisfontein,23,ZA,1561596423,87,-34.0,24.73,53.18,4.83
120,Leh,16,IN,1561596514,56,34.16,77.58,27.44,3.76
121,Yellowknife,75,CA,1561596121,82,62.45,-114.38,55.4,13.87
122,Aklavik,75,CA,1561596316,37,68.22,-135.01,53.6,12.75
123,Murgab,0,TM,1561596515,36,37.5,61.97,78.8,4.7
124,Bandarbeyla,84,SO,1561596377,64,9.49,50.81,78.38,27.94
125,Bathsheba,40,BB,1561596380,69,13.22,-59.52,82.4,20.8
126,Maturin,0,VE,1561596515,81,9.75,-63.18,72.08,4.97
127,Khatanga,0,RU,1561596351,40,71.98,102.47,53.0,8.12
128,Katsuura,75,JP,1561596368,100,33.93,134.5,77.0,24.16
129,Roald,99,NO,1561596397,93,62.58,6.12,50.0,4.7
130,Buraydah,0,SA,1561596442,32,26.33,43.97,82.4,3.36
131,Tabou,96,CI,1561596398,94,4.42,-7.36,73.88,4.74
132,Moba,10,CD,1561596517,66,-7.04,29.77,59.84,3.67
133,Maputo,10,MZ,1561596517,81,-25.97,32.57,60.38,2.82
134,Kulhudhuffushi,68,MV,1561596517,78,6.62,73.07,82.88,11.63
135,Bastos,100,BR,1561596517,87,-21.92,-50.73,65.42,0.38
136,Grand-Santi,87,GF,1561596518,98,4.27,-54.38,72.26,2.01
137,Colac,74,AU,1561596518,80,-38.34,143.59,55.99,1.01
138,Aquiraz,20,BR,1561596518,78,-3.9,-38.39,80.6,8.05
139,Tuatapere,95,NZ,1561596349,77,-46.13,167.69,54.0,3.0
140,Nioro,0,GM,1561596519,62,13.79,-15.05,80.0,11.81
141,Baruun-Urt,5,MN,1561596519,56,46.68,113.28,68.66,19.35
142,Pemba,0,MZ,1561596519,72,-12.97,40.52,70.64,16.13
143,Nanortalik,100,GL,1561596296,99,60.14,-45.24,38.06,8.05
144,Salinopolis,91,BR,1561596520,78,-0.61,-47.36,82.52,17.78
145,Dunedin,0,NZ,1561596211,65,-45.87,170.5,50.84,8.23
146,Bahia Honda,0,CU,1561596520,77,22.9,-83.16,84.5,18.34
147,Bocsig,0,RO,1561596521,94,46.42,21.94,70.0,3.36
148,Kondinskoye,72,RU,1561596521,68,59.65,67.41,49.4,8.01
149,Salalah,90,OM,1561596318,94,17.01,54.1,82.4,6.93
150,Chuy,62,UY,1561596314,78,-33.69,-53.46,45.62,7.92
151,Torbay,20,CA,1561596343,81,47.66,-52.73,48.99,3.36
152,Qasigiannguit,0,GL,1561596522,75,68.82,-51.19,42.8,5.82
153,Namibe,100,AO,1561596357,81,-15.19,12.15,65.06,13.65
154,Bull Savanna,100,JM,1561596523,78,17.89,-77.59,84.5,6.15
155,Tautira,75,PF,1561596166,74,-17.73,-149.15,82.4,9.17
156,Waitara,8,NZ,1561596523,80,-39.0,174.24,55.0,7.0
157,Pioner,58,RU,1561596523,74,50.07,45.68,60.92,3.69
158,Ponta do Sol,98,BR,1561596334,55,-20.63,-46.0,68.66,2.62
159,Hilo,40,US,1561596314,62,19.71,-155.08,84.99,13.87
160,Tupiza,0,BO,1561596524,28,-21.44,-65.72,36.8,11.27
161,Ribeira Grande,56,PT,1561596317,75,38.52,-28.7,65.24,16.73
162,Bontang,33,ID,1561596447,84,0.12,117.47,78.74,3.91
163,Maceio,75,BR,1561596247,88,-9.67,-35.74,73.4,2.24
164,Lorengau,82,PG,1561596321,79,-2.02,147.27,83.06,5.73
165,Airai,30,TL,1561596416,58,-8.93,125.41,73.88,3.09
166,Soure,40,PT,1561596525,93,40.06,-8.63,63.0,1.12
167,Novo Aripuana,99,BR,1561596526,85,-5.12,-60.38,76.04,2.46
168,Jimani,93,DO,1561596526,83,18.49,-71.85,73.16,3.58
169,Tasiilaq,100,GL,1561596164,81,65.61,-37.64,44.6,1.12
170,Taoudenni,0,ML,1561596526,7,22.68,-3.98,98.54,11.74
171,Farmington,1,US,1561596386,8,36.73,-108.21,89.01,9.17
172,Husavik,0,CA,1561596387,27,50.56,-96.99,80.01,7.0
173,Bedford,1,US,1561596423,55,32.84,-97.14,90.0,9.17
174,Ouadda,100,CF,1561596527,95,8.07,22.4,67.04,2.46
175,Nikolskoye,0,RU,1561596416,82,59.7,30.79,57.2,2.24
176,Arraial do Cabo,0,BR,1561596350,78,-22.97,-42.02,73.4,4.7
177,Lincoln,1,US,1561596367,65,40.8,-96.67,87.8,4.7
178,Batemans Bay,61,AU,1561596529,73,-35.71,150.18,61.0,1.01
179,Weihe,100,CN,1561596529,87,32.99,105.33,62.72,2.3
180,Makokou,81,GA,1561596529,92,0.56,12.85,67.04,2.84
181,Narsaq,90,GL,1561596529,87,60.91,-46.05,48.2,6.93
182,Merauke,92,ID,1561596530,82,-8.49,140.4,78.2,20.0
183,East London,71,ZA,1561596200,60,-33.02,27.91,57.5,10.85
184,Abu Kamal,0,SY,1561596530,15,34.45,40.92,91.88,10.89
185,Tongliao,2,CN,1561596530,33,43.61,122.27,84.68,4.43
186,Sabha,46,LY,1561596531,25,27.03,14.43,88.1,13.67
187,Longyearbyen,75,NO,1561596352,75,78.22,15.63,41.0,16.11
188,Barra do Bugres,37,BR,1561596531,81,-15.07,-57.19,69.2,2.17
189,Mar del Plata,78,AR,1561596160,73,-46.43,-67.52,38.42,10.47
190,Sept-Iles,90,CA,1561596406,93,50.2,-66.38,55.99,9.17
191,Osypenko,0,UA,1561596532,67,48.04,34.39,62.6,3.83
192,Bindura,85,ZW,1561596532,91,-17.3,31.33,51.38,0.74
193,Meadow Lake,75,CA,1561596344,63,54.13,-108.44,66.2,11.41
194,Labuhan,24,ID,1561596317,77,-2.54,115.51,77.12,0.85
195,Ossora,97,RU,1561596533,55,59.24,163.07,55.88,6.02
196,Chicomuselo,94,MX,1561596307,77,15.77,-92.27,78.56,2.48
197,Srednekolymsk,48,RU,1561596455,28,67.46,153.71,71.18,18.75
198,San Patricio,0,PY,1561596534,74,-26.98,-56.83,43.82,4.99
199,Lavrentiya,100,RU,1561596517,97,65.58,-170.99,48.14,11.97
200,Klaksvik,24,FO,1561596320,100,62.23,-6.59,48.2,5.82
201,La Ronge,40,CA,1561596392,68,55.1,-105.3,64.4,4.7
202,Hirara,75,JP,1561596534,83,24.8,125.28,82.4,14.99
203,Tabuk,100,PH,1561596535,95,17.41,121.44,66.14,0.98
204,Hofn,79,IS,1561596319,85,64.25,-15.21,44.0,13.35
205,Chumikan,0,RU,1561596389,47,54.72,135.31,61.28,2.04
206,Caidian,79,CN,1561596535,83,30.59,114.03,82.4,6.71
207,Dicabisagan,84,PH,1561596535,81,17.08,122.42,80.72,2.35
208,Ancud,75,CL,1561596369,87,-41.87,-73.83,46.4,6.93
209,Alyangula,40,AU,1561596355,78,-13.85,136.42,75.2,6.93
210,Meulaboh,98,ID,1561596328,77,4.14,96.13,81.26,6.64
211,Sinnamary,58,GF,1561596369,83,5.38,-52.96,80.36,17.38
212,Katherine,55,AU,1561596537,35,-14.47,132.26,69.8,9.17
213,Port Alfred,83,ZA,1561596162,87,-33.59,26.89,57.99,1.01
214,Zhigansk,0,RU,1561596359,50,66.77,123.37,72.98,8.72
215,Manali,32,IN,1561596537,74,32.25,77.19,29.24,4.25
216,Kargasok,100,RU,1561596537,97,59.06,80.87,57.68,4.38
217,Marawi,100,PH,1561596342,81,8.0,124.29,81.0,5.01
218,Los Llanos de Aridane,20,ES,1561596538,68,28.66,-17.92,71.6,13.87
219,Manggar,55,ID,1561596538,88,-2.88,108.27,78.92,3.69
220,Thinadhoo,48,MV,1561596159,72,0.53,72.93,83.24,7.23
221,Broken Hill,0,AU,1561596441,51,-31.97,141.45,59.0,16.11
222,Margate,0,AU,1561596356,76,-43.03,147.26,54.0,14.99
223,Saldanha,0,PT,1561596397,69,41.42,-6.55,65.24,0.83
224,Kalmunai,100,LK,1561596539,76,7.42,81.82,75.68,2.8
225,Bethel,90,US,1561596366,72,60.79,-161.76,66.2,23.04
226,Alice Springs,0,AU,1561596137,37,-23.7,133.88,53.6,7.11
227,Marsh Harbour,0,BS,1561596540,75,26.54,-77.06,83.96,13.13
228,Jiazi,0,CN,1561596540,83,19.61,110.49,82.4,6.71
229,Tortoli,5,IT,1561596541,60,39.93,9.66,75.2,8.05
230,San Francisco,20,US,1561596359,82,37.78,-122.42,69.01,8.05
231,Tongren,93,CN,1561596541,83,27.72,109.18,73.7,1.32
232,Dovers,40,VC,1561596541,78,12.88,-61.18,82.4,12.75
233,Ibra,2,OM,1561596542,77,22.69,58.55,75.86,2.98
234,Tecpan,75,GT,1561596363,64,14.76,-90.99,73.4,16.11
235,Irece,0,BR,1561596542,63,-11.3,-41.86,66.86,10.96
236,Fairbanks,1,US,1561596465,17,64.84,-147.72,80.01,5.82
237,Barrow,100,AR,1561596318,33,-38.31,-60.23,51.74,20.24
238,Vieste,5,IT,1561596543,88,41.88,16.18,78.01,14.99
239,Tornio,90,FI,1561596543,87,61.12,27.27,55.4,3.36
240,Nome,1,US,1561596358,70,30.04,-94.42,86.0,3.36
241,Henties Bay,53,NA,1561596364,90,-22.12,14.28,55.99,5.99
242,Quang Ngai,100,VN,1561596544,74,15.12,108.8,80.0,2.73
243,Antalaha,45,MG,1561596544,95,-14.9,50.28,64.88,4.68
244,Huarmey,13,PE,1561596450,86,-10.07,-78.15,63.26,14.97
245,Haines Junction,98,CA,1561596333,56,60.75,-137.51,61.1,1.99
246,Ilulissat,0,GL,1561596331,75,69.22,-51.1,42.8,5.82
247,Bambous Virieux,75,MU,1561596446,94,-20.34,57.76,73.4,10.29
248,San Policarpo,97,PH,1561596545,80,12.18,125.51,80.72,3.6
249,Yanaul,0,RU,1561596545,93,56.27,54.93,45.44,2.59
250,Jesup,1,US,1561596545,51,31.61,-81.89,86.0,3.36
251,Myitkyina,100,MM,1561596325,98,25.38,97.4,71.9,1.41
252,Todos Santos,5,MX,1561596420,28,23.45,-110.23,95.0,18.34
253,Kafanchan,98,NG,1561596546,98,9.58,8.3,68.84,4.47
254,Bredasdorp,0,ZA,1561596316,93,-34.53,20.04,51.01,3.36
255,Souillac,0,FR,1561596370,69,45.6,-0.6,82.4,5.82
256,Hailey,40,US,1561596280,28,43.52,-114.32,73.4,5.82
257,Faanui,0,PF,1561596263,72,-16.48,-151.75,80.54,6.11
258,Abalak,70,NE,1561596547,43,15.46,6.28,90.08,11.21
259,Barmer,0,IN,1561596547,62,25.74,71.4,84.32,18.77
260,Sovetskiy,100,RU,1561596432,95,56.76,48.47,50.12,5.57
261,Amapa,40,HN,1561596548,83,15.09,-87.97,82.4,11.41
262,Soyo,2,AO,1561596475,78,-6.13,12.37,73.7,9.26
263,Barraute,75,CA,1561596446,60,48.43,-77.63,69.8,2.24
264,Alenquer,40,BR,1561596549,94,-1.95,-54.74,77.0,3.36
265,Jaipur,49,IN,1561596390,45,26.92,75.82,87.8,11.41
266,Tual,57,ID,1561596549,85,-5.67,132.75,78.56,21.54
267,Athabasca,100,CA,1561596549,80,54.72,-113.29,63.62,1.92
268,Mirpur Sakro,40,PK,1561596550,70,24.55,67.63,86.0,9.17
269,San Luis,34,AR,1561596550,24,-33.3,-66.34,49.76,20.24
270,Mutsu,75,JP,1561596551,77,41.29,141.2,73.4,8.05
271,Flinders,20,AU,1561596438,87,-34.58,150.85,61.0,4.7
272,Sitka,48,US,1561596551,51,37.17,-99.65,86.0,13.0
273,Makakilo City,75,US,1561596439,83,21.35,-158.09,80.6,9.17
274,Rocha,33,UY,1561596397,76,-34.48,-54.34,44.18,10.04
275,Yinchuan,100,CN,1561596552,92,38.48,106.21,59.0,1.99
276,Sorland,98,NO,1561596297,87,67.67,12.69,47.96,17.9
277,Kangaatsiaq,0,GL,1561596429,78,68.31,-53.46,40.22,17.76
278,Oktyabrskoye,0,RU,1561596552,72,56.73,85.44,64.99,4.47
279,Contamana,68,PE,1561596553,58,-7.35,-75.01,79.82,1.48
280,Sungaipenuh,0,ID,1561596553,90,-2.08,101.38,71.9,3.2
281,Sobolevo,77,RU,1561596553,99,54.43,31.9,64.52,5.32
282,Vanavara,0,RU,1561596553,50,60.35,102.28,72.08,3.11
283,Leningradskiy,56,RU,1561596398,82,69.38,178.42,36.26,13.38
284,Beringovskiy,91,RU,1561596392,75,63.05,179.32,52.64,3.87
285,Lebu,75,ET,1561596335,72,8.96,38.73,62.6,3.36
286,Beloha,0,MG,1561596555,83,-25.17,45.06,65.24,10.65
287,Varhaug,75,NO,1561596555,76,58.61,5.65,53.6,9.17
288,Saskylakh,93,RU,1561596354,74,71.97,114.09,52.64,17.05
289,Diffa,99,NE,1561596479,51,13.32,12.61,85.94,16.67
290,Hambantota,75,LK,1561596432,100,6.12,81.12,78.8,10.29
291,Yeppoon,75,AU,1561596556,73,-23.13,150.74,69.8,11.41
292,Hobyo,32,SO,1561596556,69,5.35,48.53,77.3,24.94
293,Shizunai,100,JP,1561596556,88,42.33,142.37,60.02,4.41
294,Rincon,20,PA,1561596557,88,8.46,-82.28,80.6,4.7
295,Vestmannaeyjar,100,IS,1561596361,97,63.44,-20.27,52.28,13.18
296,Ahipara,0,NZ,1561596557,100,-35.17,173.16,57.99,1.99
297,Alofi,75,NU,1561596341,73,-19.06,-169.92,77.0,14.99
298,Ostrovnoy,100,RU,1561596119,75,68.05,39.51,51.02,15.32
299,Paamiut,100,GL,1561596444,100,61.99,-49.67,40.58,5.75
300,Dikson,100,RU,1561596317,92,73.51,80.55,33.92,18.12
301,San Cristobal,89,HN,1561596449,84,14.68,-86.92,70.82,8.57
302,Rapid Valley,20,US,1561596396,61,44.06,-103.15,82.4,9.17
303,Khandbari,94,NP,1561596559,89,27.38,87.21,57.68,2.53
304,Puerto del Rosario,20,ES,1561596560,73,28.5,-13.86,71.6,13.87
305,Kisangani,25,CD,1561596376,97,0.52,25.21,69.56,1.59
306,Provideniya,90,RU,1561596392,93,64.42,-173.23,51.8,13.42
307,Imbituba,75,BR,1561596561,67,-28.24,-48.67,57.2,10.29
308,Makat,31,KZ,1561596561,43,47.65,53.35,70.28,8.86
309,Paracuru,20,BR,1561596562,78,-3.41,-39.03,80.6,8.05
310,Mayo,40,CA,1561596363,23,63.59,-135.9,73.4,2.24
311,Agadez,1,NE,1561596562,54,16.97,7.99,82.4,6.73
312,Shingu,75,JP,1561596563,88,33.72,135.99,78.8,18.34
313,Itaqui,0,BR,1561596563,61,-29.13,-56.55,44.0,6.31
314,Klyuchi,1,RU,1561596563,68,52.25,79.17,64.16,5.5
315,Mastic Beach,1,US,1561596564,64,40.77,-72.85,79.0,8.05
316,Mount Isa,29,AU,1561596564,40,-20.73,139.49,68.0,9.17
317,Beira,29,ES,1561596564,93,43.2,-8.36,64.0,2.39
318,Tomatlan,91,MX,1561596564,74,19.93,-105.25,83.24,10.13
319,Carutapera,97,BR,1561596565,89,-1.2,-46.02,77.12,5.77
320,Cayambe,0,EC,1561596565,77,0.04,-78.14,60.8,8.05
321,Bukachacha,100,RU,1561596565,71,52.99,116.91,59.84,8.79
322,Steinbach,20,CA,1561596567,36,49.53,-96.69,80.6,12.75
323,Broome,52,GB,1561596308,82,52.47,1.45,57.0,8.05
324,Boa Vista,40,BR,1561596238,78,2.82,-60.67,80.6,5.82
325,Port Hawkesbury,100,CA,1561596567,66,45.62,-61.36,57.99,6.93
326,Hasaki,75,JP,1561596360,78,35.73,140.83,82.0,9.17
327,Baykit,93,RU,1561596457,54,61.68,96.39,70.64,3.38
328,French Harbor,20,HN,1561596568,79,16.35,-86.43,84.2,20.8
329,Ulladulla,20,AU,1561596387,87,-35.36,150.48,57.2,4.7
330,Sakaiminato,90,JP,1561596568,83,35.55,133.23,77.0,3.36
331,Chaman,0,AF,1561596569,13,30.92,66.46,72.26,4.54
332,Farah,0,AF,1561596569,12,32.37,62.11,76.04,8.19
333,Necochea,42,AR,1561596569,58,-38.55,-58.74,46.99,13.0
334,Mecca,43,SA,1561596570,32,21.43,39.83,89.72,5.97
335,Chabahar,0,IR,1561596570,88,25.29,60.65,78.92,1.03
336,Viedma,66,AR,1561596570,48,-40.81,-62.99,54.62,24.61
337,Burgeo,100,CA,1561596299,81,47.61,-57.61,49.58,1.16
338,Daru,82,PG,1561596382,86,-9.07,143.21,78.56,12.37
339,Port Blair,100,IN,1561596571,80,11.67,92.75,84.32,20.69
340,Belyy Yar,0,RU,1561596571,82,53.6,91.39,59.0,4.47
341,Balaipungut,72,ID,1561596572,88,1.11,101.31,75.14,1.72
342,Waitati,0,NZ,1561596572,65,-45.75,170.57,50.84,8.23
343,Vredendal,0,ZA,1561596572,77,-31.68,18.49,57.32,6.13
344,Port Moresby,75,PG,1561596572,88,-9.47,147.16,78.8,13.87
345,Fort Nelson,90,CA,1561596573,67,58.81,-122.69,60.8,9.17
346,Xingyi,98,CN,1561596370,94,24.19,102.82,62.9,5.79
347,Chapais,75,CA,1561596573,88,49.78,-74.86,62.6,9.17
348,Geraldton,75,CA,1561596325,43,49.72,-86.95,73.4,11.41
349,Kirakira,98,SB,1561596573,73,-10.46,161.92,83.24,2.21
350,Saint-Louis,0,SN,1561596574,83,16.03,-16.5,78.8,11.41
351,Morondava,0,MG,1561596390,61,-20.3,44.28,76.04,15.03
352,Bafoulabe,96,ML,1561596574,28,13.81,-10.83,95.66,9.46
353,Nizwa,4,OM,1561596574,58,22.93,57.53,77.3,1.5
354,Kiama,20,AU,1561596575,87,-34.67,150.86,68.0,4.7
355,Chokurdakh,9,RU,1561596329,33,70.62,147.9,65.24,13.49
356,Sola,100,TZ,1561596326,68,-3.17,33.8,68.66,3.78
357,Nsanje,82,MZ,1561596575,91,-16.92,35.26,60.2,3.13
358,Seymchan,73,RU,1561596451,32,62.93,152.39,68.48,18.61
359,Darhan,87,MN,1561596576,70,49.49,105.92,54.44,8.39
360,Lagos,100,NG,1561596358,94,6.46,3.39,74.78,5.7
361,Chilca,72,PE,1561596576,37,-13.22,-72.34,53.6,4.7
362,Aykhal,40,RU,1561596577,59,65.95,111.51,64.4,4.47
363,Cheremisinovo,80,RU,1561596577,80,51.89,37.26,61.46,9.91
364,Bowen,90,AU,1561596577,77,-20.01,148.25,69.8,10.29
365,Luderitz,0,NA,1561596362,93,-26.65,15.16,46.4,1.12
366,Port Lincoln,33,AU,1561596349,60,-34.72,135.86,60.56,30.6
367,Port Macquarie,75,AU,1561596307,77,-31.43,152.91,66.99,6.93
368,Ust-Kuyga,0,RU,1561596578,24,70.0,135.55,79.64,2.24
369,Hastings,0,NZ,1561596522,66,-39.64,176.84,50.48,3.18
370,Shenjiamen,83,CN,1561596579,90,29.96,122.3,73.34,1.48
371,Ketchikan,1,US,1561596579,41,55.34,-131.65,78.8,17.22
372,Artigas,0,BR,1561596579,71,-30.4,-56.46,41.84,3.94
373,Saint-Augustin,75,CA,1561596346,88,45.63,-73.98,75.2,4.7
374,Karratha,67,AU,1561596040,51,-20.74,116.85,68.12,3.15
375,Vao,100,EE,1561596326,97,59.1,26.19,54.62,4.94
376,Araouane,0,ML,1561596414,7,18.9,-3.53,99.26,6.24
377,Sokoto,74,NG,1561596580,44,13.06,5.24,88.82,7.36
378,Mackenzie,1,CA,1561596580,25,55.34,-123.09,77.0,9.17
379,Swan Hill,0,AU,1561596581,73,-35.34,143.56,54.08,10.89
380,Pevek,0,RU,1561596330,86,69.7,170.27,33.92,15.77
381,Alcaniz,5,ES,1561596581,66,41.05,-0.13,66.0,1.01
382,Irtyshskiy,7,RU,1561596581,80,58.33,68.13,45.8,4.76
383,Ekibastuz,56,KZ,1561596582,85,51.72,75.32,60.56,6.89
384,Wanaka,0,NZ,1561596582,90,-44.7,169.14,37.99,4.05
385,Compiegne,0,FR,1561596377,88,49.42,2.83,71.6,13.87
386,Balingasay,100,PH,1561596582,83,16.36,119.86,82.7,17.56
387,Nizhniy Kuranakh,33,RU,1561596583,56,58.84,125.49,65.78,5.66
388,Imbituva,98,BR,1561596583,99,-25.23,-50.6,55.16,1.74
389,Gwadar,20,PK,1561596583,81,25.12,62.33,84.14,8.99
390,Zinder,37,NE,1561596584,35,13.81,8.99,89.18,8.52
391,West Fargo,1,US,1561596584,42,46.88,-96.9,86.0,6.93
392,Angoche,21,MZ,1561596584,96,-16.23,39.91,64.34,4.88
393,Doha,0,QA,1561596545,70,25.29,51.53,89.6,4.7
394,Baoro,89,CF,1561596585,96,5.69,15.95,66.32,1.21
395,Pomarla,0,RO,1561596585,82,48.07,26.32,66.2,11.41
396,Lavaltrie,75,CA,1561596585,69,45.88,-73.28,75.2,5.82
397,Buchanan,75,LR,1561596585,94,5.88,-10.05,77.0,6.93
398,Warri,100,NG,1561596561,94,5.52,5.75,74.42,6.42
399,Tefe,26,BR,1561596586,96,-3.35,-64.71,73.7,2.62
400,Correntina,21,BR,1561596586,54,-13.34,-44.63,68.12,3.44
401,Anadyr,90,RU,1561596586,87,64.73,177.51,50.0,17.9
402,Cabedelo,0,BR,1561596587,94,-6.97,-34.84,73.4,5.82
403,Porto-Vecchio,0,FR,1561596587,77,41.59,9.28,78.8,8.05
404,Danville,1,US,1561596587,38,37.82,-122.0,73.99,25.28
405,Egvekinot,100,RU,1561596588,88,66.32,-179.17,39.5,13.73
406,Calama,0,CL,1561596516,18,-22.46,-68.93,53.6,5.82
407,Saint-Francois,0,FR,1561596588,83,46.42,3.91,69.8,3.02
408,Ormara,12,PK,1561596588,89,25.21,64.64,80.0,13.71
409,Severo-Kurilsk,100,RU,1561596368,97,50.68,156.12,40.58,15.93
410,Portland,40,US,1561596322,82,43.66,-70.25,69.01,5.82
411,Kaitong,0,CN,1561596589,55,44.81,123.15,76.76,9.44
412,Pambuhan,100,PH,1561596589,89,13.97,123.08,79.46,9.69
413,Palafrugell,0,ES,1561596590,72,41.92,3.16,72.0,1.59
414,Isangel,100,VU,1561596590,84,-19.55,169.27,76.76,9.33
415,Tiszanana,0,HU,1561596590,88,47.57,20.53,73.4,6.93
416,Ennis,0,IE,1561596591,82,52.84,-8.98,57.2,10.29
417,Porto Novo,20,BR,1561596591,82,-23.68,-45.44,66.2,3.36
418,Yate,90,GB,1561596591,87,51.54,-2.41,57.2,23.04
419,Washington DC.,1,US,1561596435,57,38.9,-77.04,87.01,5.08
420,Catio,16,GW,1561596592,79,11.28,-15.25,80.0,7.72
421,Sisimiut,18,GL,1561596436,85,66.94,-53.67,38.42,31.23
422,Timra,20,SE,1561596592,62,62.49,17.33,53.01,14.99
423,Parnamirim,20,BR,1561596593,83,-5.92,-35.27,75.2,6.93
424,Anqing,88,CN,1561596480,65,30.51,117.04,81.08,1.34
425,Pallipattu,40,IN,1561596593,83,13.34,79.44,80.6,2.24
426,Gunupur,75,IN,1561596593,86,19.07,83.81,77.12,0.25
427,Tibati,100,CM,1561596594,97,6.47,12.63,65.96,1.7
428,Zielona Gora,3,PL,1561596594,65,51.94,15.51,75.99,4.0
429,Guerrero Negro,100,MX,1561596417,82,27.97,-114.04,64.52,13.02
430,Mana,74,NG,1561596349,44,13.03,5.27,88.82,7.36
431,Mwinilunga,0,ZM,1561596594,52,-11.73,24.43,53.0,5.44
432,Kaseda,75,JP,1561596408,88,31.42,130.32,78.8,5.82
433,Santa Vitoria do Palmar,42,BR,1561596595,72,-33.52,-53.37,46.34,6.73
434,Tiarei,75,PF,1561596595,74,-17.53,-149.33,82.4,8.05
435,Mirnyy,34,RU,1561596596,93,56.57,36.46,49.58,3.2
436,Valparaiso,75,US,1561596596,57,41.47,-87.06,86.0,6.49
437,Kouango,45,CF,1561596596,93,4.99,19.98,69.02,0.63
438,Homer,1,US,1561596597,77,59.64,-151.54,73.99,11.41
439,Caucaia,20,BR,1561596597,78,-3.73,-38.66,80.6,8.05
440,Belaya Gora,33,RU,1561596346,22,68.54,146.19,68.3,14.7
441,Honningsvag,100,NO,1561596597,90,70.98,25.97,45.62,23.87
442,Santiago del Estero,0,AR,1561596598,38,-27.8,-64.26,50.84,8.55
443,Ballina,0,IE,1561596385,88,54.11,-9.15,55.0,4.0
444,Maniitsoq,95,GL,1561596598,74,65.42,-52.9,50.12,5.5
445,Chicama,90,PE,1561596372,88,-7.84,-79.15,64.4,6.93
446,Qom,0,IR,1561596425,17,34.64,50.88,79.1,14.54
447,Agar,96,IN,1561596599,70,23.71,76.02,81.98,13.42
448,Benghazi,0,LY,1561596560,74,32.12,20.07,78.38,14.76
449,North Platte,1,US,1561596467,48,41.12,-100.77,87.8,9.17
450,Aitape,57,PG,1561596599,60,-3.15,142.36,85.4,1.52
451,Mbaiki,40,CF,1561596599,94,3.87,17.99,67.94,1.79
452,Nuuk,100,GL,1561596253,93,64.17,-51.74,48.2,14.99
453,Van,0,TR,1561596565,63,38.51,43.37,61.0,4.7
454,Bloemhof,19,ZA,1561596600,67,-27.65,25.61,52.64,17.85
455,Talaya,0,RU,1561596600,72,55.79,84.89,64.4,4.47
456,Half Moon Bay,20,US,1561596396,82,37.46,-122.43,69.01,8.05
457,Komsomolskiy,89,RU,1561596601,83,67.55,63.78,40.76,6.02
458,Santa Fe,0,AR,1561596601,53,-31.62,-60.7,50.0,15.01
459,Souris,75,CA,1561596602,63,46.36,-62.25,62.6,10.29
460,Neiafu,40,TO,1561596602,69,-18.65,-173.98,78.8,9.17
461,Presidencia Roque Saenz Pena,0,AR,1561596422,58,-26.79,-60.44,46.88,5.93
462,Catabola,0,AO,1561596603,40,-12.14,17.29,54.08,0.92
463,Lahaina,90,US,1561596603,88,20.87,-156.68,82.4,10.29
464,Khorixas,74,NA,1561596603,76,-20.37,14.96,51.2,1.52
465,Denpasar,75,ID,1561596478,83,-8.65,115.22,75.2,5.82
466,Angoram,100,PG,1561596604,70,-4.06,144.07,84.68,2.77
467,Saint Anthony,20,US,1561596604,36,43.97,-111.68,78.8,6.93
468,Novaya Ladoga,77,RU,1561596604,99,60.11,32.31,57.0,10.25
469,Severomuysk,100,RU,1561596604,60,56.17,113.57,57.14,1.03
470,Te Anau,9,NZ,1561596392,79,-45.41,167.72,44.72,2.06
471,Kilindoni,45,TZ,1561596605,75,-7.91,39.67,78.74,22.21
472,Ola,16,RU,1561596605,67,59.58,151.3,53.72,7.14
473,Karakol,14,KG,1561596606,50,42.49,78.39,55.52,5.32
474,Bonfim,13,GY,1561596307,70,3.36,-59.84,79.82,13.22
475,Praia da Vitoria,75,PT,1561596243,77,38.73,-27.07,64.4,16.37
476,Medicine Hat,75,CA,1561596542,29,50.04,-110.68,78.8,2.24
477,Buncrana,0,GB,1561596607,92,55.14,-7.45,54.8,13.0
478,Cabinda,2,AO,1561596607,76,-5.56,12.19,73.7,8.59
479,Plerin,55,FR,1561596607,88,48.54,-2.78,64.4,12.75
480,Casablanca,75,MA,1561596607,88,33.6,-7.62,69.8,6.93
481,Jabinyanah,0,TN,1561596608,69,35.03,10.91,77.0,3.36
482,Sibu,75,MY,1561596608,94,2.29,111.83,77.0,4.7
483,Fairview,1,US,1561596411,38,45.54,-122.43,75.2,11.23
484,Hay River,75,CA,1561596256,76,60.82,-115.79,57.2,5.82
485,Cockburn Town,31,TC,1561596391,80,21.46,-71.14,81.98,16.4
486,Tullahoma,1,US,1561596609,78,35.36,-86.21,86.0,3.38
487,Sangar,0,RU,1561596300,45,63.92,127.47,73.34,1.23
488,Lumphat,100,KH,1561596385,96,13.5,106.97,76.76,5.46
489,Churapcha,0,RU,1561596610,37,62.0,132.43,72.62,3.38
490,Ahuimanu,40,US,1561596610,74,21.44,-157.84,80.6,9.17
491,Villa Maria,40,CO,1561596611,63,4.5,-74.09,77.0,9.17
492,Matara,51,BI,1561596611,89,-3.48,29.48,50.66,0.67
493,Touros,75,BR,1561596310,88,-5.2,-35.46,75.2,3.36
494,Bajil,62,ES,1561596611,76,38.23,-2.07,61.0,1.99
495,Evanston,75,US,1561596338,51,42.04,-87.69,84.2,12.75
496,Sao Miguel do Araguaia,16,BR,1561596612,47,-13.28,-50.16,73.16,2.24
497,Paita,0,PE,1561596386,89,-5.09,-81.11,65.24,20.51
498,Dubrovnik,0,HR,1561596612,30,42.65,18.09,86.0,3.36
499,Abaza,81,RU,1561596613,82,52.65,90.1,53.54,1.05
500,Kurumkan,84,RU,1561596613,73,54.33,110.32,54.8,5.5
501,Dongying,82,CN,1561596613,50,37.43,118.67,80.36,4.59
502,Lashio,97,MM,1561596613,99,22.93,97.75,70.82,1.1
503,Yantal,0,RU,1561596614,57,56.85,105.25,66.5,5.17
504,Loa Janan,34,ID,1561596614,86,-0.58,117.09,78.2,4.5
505,Oranjemund,0,ZA,1561596299,77,-28.55,16.43,54.98,9.13
506,Lamu,100,CN,1561596614,96,35.77,102.37,48.68,1.12
507,Werda,63,BW,1561596615,66,-25.27,23.28,55.88,15.39
508,Panzhihua,97,CN,1561596615,83,26.59,101.72,70.1,2.64
509,Bonavista,0,CA,1561596615,86,48.65,-53.11,43.0,1.99
510,Saint-Ambroise,75,CA,1561596616,82,48.56,-71.32,69.01,13.87
511,Byron Bay,40,AU,1561596471,82,-28.65,153.62,68.0,6.93
512,Oltu,17,TR,1561596616,97,40.55,42.0,55.88,2.91
513,Sao Jose da Coroa Grande,80,BR,1561596336,96,-8.9,-35.15,71.54,3.83
514,Yongan,100,CN,1561596616,73,39.7,113.69,67.4,4.34
515,Manta,0,RO,1561596617,72,45.1,24.1,63.26,2.21
516,Rawlins,1,US,1561596617,15,41.79,-107.24,80.6,14.99
517,Furstenwalde,0,DE,1561596617,68,52.37,14.07,72.0,13.87
518,Bilibino,41,RU,1561596429,37,68.06,166.44,59.66,11.61
519,Cabo San Lucas,5,MX,1561596219,31,22.89,-109.91,96.01,11.41
520,Grindavik,90,IS,1561596360,100,63.84,-22.43,51.8,19.46
521,Japura,39,ID,1561596618,93,-0.42,102.29,74.24,2.84
522,Vila,0,IT,1561596619,88,45.18,8.4,84.99,4.7
523,Comodoro Rivadavia,0,AR,1561596340,61,-45.87,-67.48,48.2,17.22
524,Nieuw Amsterdam,40,SR,1561596619,78,5.88,-55.08,80.6,16.49
525,Sargur,100,IN,1561596619,99,11.98,76.42,66.5,3.31
526,Ishigaki,75,JP,1561596620,89,24.34,124.16,84.2,18.34
527,Sao Jose dos Pinhais,75,BR,1561596620,93,-25.53,-49.21,60.01,6.93
528,Longhua,100,CN,1561596620,96,29.21,106.21,73.16,3.18
529,Asuncion,0,PY,1561596525,66,-25.3,-57.63,51.8,4.7
530,Pirojpur,98,BD,1561596621,74,22.58,89.97,85.04,11.25
531,Mpulungu,41,ZM,1561596621,64,-8.77,31.12,58.22,6.49
532,Smolenka,64,PL,1561596621,94,54.15,22.76,66.5,9.28
533,Gimbi,63,ET,1561596622,93,8.81,37.79,54.44,3.33
534,Terney,100,RU,1561596622,95,45.05,136.61,49.94,6.17
535,Goba,40,ET,1561596622,86,7.01,39.97,47.06,3.09
536,Morant Bay,40,JM,1561596179,58,17.88,-76.41,86.0,21.92
537,Nara,75,JP,1561596319,74,34.68,135.8,81.0,3.36
538,Hovd,75,NO,1561596439,76,63.83,10.7,53.6,20.8
539,Sarangani,100,PH,1561596623,72,5.4,125.46,83.06,4.32
540,Sapucaia,54,BR,1561596623,80,-21.99,-42.91,68.12,2.26
541,Luwuk,100,ID,1561596624,95,-0.95,122.79,66.68,4.38
542,Narasaraopet,33,IN,1561596624,67,16.24,80.05,83.96,9.64
543,Oistins,40,BB,1561596399,69,13.07,-59.53,82.4,20.8
544,Plettenberg Bay,0,ZA,1561596624,56,-34.05,23.37,54.8,4.61
545,Rabat,40,MA,1561596625,93,34.02,-6.83,69.01,3.36
546,Shiyan,100,CN,1561596625,82,32.65,110.78,69.02,2.62
547,Lata,30,IN,1561596378,70,30.78,78.62,35.0,2.39
548,Gambela,26,ET,1561596625,92,8.25,34.59,66.32,3.53
549,Muros,20,ES,1561596422,100,42.77,-9.06,64.0,6.98
